Distance_from_Home,avg_exam_score,median_exam_score,pass_rate_percent,student_count
Near,67.51210092687951,67.0,99.27909371781668,3884
Moderate,66.98098098098099,67.0,99.09909909909909,1998
Far,66.45744680851064,66.0,96.80851063829788,658
Unknown,66.43283582089552,66.0,98.50746268656717,67
