Gender,avg_exam_score,median_exam_score,pass_rate_percent,student_count
Female,67.24453992123165,67.0,98.92588614393125,2793
Male,67.22889355007865,67.0,99.00367068694284,3814
