Motivation_Level,avg_exam_score,median_exam_score,pass_rate_percent,student_count
High,67.70432145564821,67.0,99.31766489764973,1319
Medium,67.33064756789018,67.0,99.31363772008356,3351
Low,66.75167785234899,67.0,98.14145585957667,1937
