Parental_Education_Level,avg_exam_score,median_exam_score,pass_rate_percent,student_count
Postgraduate,67.97088122605363,68.0,99.61685823754789,1305
College,67.31573655103067,67.0,99.04474610356964,1989
Unknown,67.05555555555556,67.0,100.0,90
High School,66.8932671424139,67.0,98.63481228668942,3223
