School_Type,avg_exam_score,median_exam_score,pass_rate_percent,student_count
Private,67.28770532603285,67.0,98.95470383275261,2009
Public,67.21270117442366,67.0,98.97781644193128,4598
